,AlleleID,Type,Chromosome,Start,Stop,ReferenceAllele,AlternateAllele,Spacer,PBS,RT,PAM
0,929884,single nucleotide variant,1,943995,943995,C,T,GCCACCAACCCTGCGGGCCC,CCCGCAGG,TTCTCACTCCGGGG,NGG
1,929884,single nucleotide variant,1,943995,943995,C,T,GCCACCAACCCTGCGGGCCC,CCCGCAGGG,TTCTCACTCCGGGG,NGG
2,929884,single nucleotide variant,1,943995,943995,C,T,GCCACCAACCCTGCGGGCCC,CCCGCAGG,GTTCTCACTCCGGGG,NGG
3,929884,single nucleotide variant,1,943995,943995,C,T,GCCACCAACCCTGCGGGCCC,CCCGCAGG,AGTTCTCACTCCGGGG,NGG
4,929884,single nucleotide variant,1,943995,943995,C,T,GCCACCAACCCTGCGGGCCC,CCCGCAGGGT,TTCTCACTCCGGGG,NGG
5,929884,single nucleotide variant,1,943995,943995,C,T,GCCACCAACCCTGCGGGCCC,CCCGCAGGG,GTTCTCACTCCGGGG,NGG
6,929884,single nucleotide variant,1,943995,943995,C,T,GCCACCAACCCTGCGGGCCC,CCCGCAGGG,AGTTCTCACTCCGGGG,NGG
7,929884,single nucleotide variant,1,943995,943995,C,T,GCCACCAACCCTGCGGGCCC,CCCGCAGG,GAGTTCTCACTCCGGGG,NGG
8,929884,single nucleotide variant,1,943995,943995,C,T,GCCACCAACCCTGCGGGCCC,CCCGCAGGG,GAGTTCTCACTCCGGGG,NGG
9,929884,single nucleotide variant,1,943995,943995,C,T,GCCACCAACCCTGCGGGCCC,CCCGCAGGGT,AGTTCTCACTCCGGGG,NGG
