,id,AlleleID,Type,Chromosome,Start,Stop,ReferenceAllele,AlternateAllele,Spacer,PBS,RT,PAM,time
0,672,929884,single nucleotide variant,1,943995,943995,C,T,GCCACCAACCCTGCGGGCCC,CCCGCAGG,TTCTCACTCCGGGG,NGG,20211212155848
1,673,929884,single nucleotide variant,1,943995,943995,C,T,GCCACCAACCCTGCGGGCCC,CCCGCAGGG,TTCTCACTCCGGGG,NGG,20211212155848
2,674,929884,single nucleotide variant,1,943995,943995,C,T,GCCACCAACCCTGCGGGCCC,CCCGCAGG,GTTCTCACTCCGGGG,NGG,20211212155848
3,675,929884,single nucleotide variant,1,943995,943995,C,T,GCCACCAACCCTGCGGGCCC,CCCGCAGG,AGTTCTCACTCCGGGG,NGG,20211212155848
4,676,929884,single nucleotide variant,1,943995,943995,C,T,GCCACCAACCCTGCGGGCCC,CCCGCAGGGT,TTCTCACTCCGGGG,NGG,20211212155848
5,677,929884,single nucleotide variant,1,943995,943995,C,T,GCCACCAACCCTGCGGGCCC,CCCGCAGGG,GTTCTCACTCCGGGG,NGG,20211212155848
6,678,929884,single nucleotide variant,1,943995,943995,C,T,GCCACCAACCCTGCGGGCCC,CCCGCAGGG,AGTTCTCACTCCGGGG,NGG,20211212155848
7,679,929884,single nucleotide variant,1,943995,943995,C,T,GCCACCAACCCTGCGGGCCC,CCCGCAGG,GAGTTCTCACTCCGGGG,NGG,20211212155848
8,680,929884,single nucleotide variant,1,943995,943995,C,T,GCCACCAACCCTGCGGGCCC,CCCGCAGGG,GAGTTCTCACTCCGGGG,NGG,20211212155848
9,681,929884,single nucleotide variant,1,943995,943995,C,T,GCCACCAACCCTGCGGGCCC,CCCGCAGGGT,AGTTCTCACTCCGGGG,NGG,20211212155848
