,Strand,Spacer,PAM,PBS,RT,EditToNickDistance,sgRNASpacer,sgRNAPAM,NickToNickDistance,score
5,+,GCGTCAAGCCGGGGGGGCGC,TGG,CCCCCCCG,GGCCTCGCGCAATCAGCG,6,GTAGTAGTCGCAGAGTTGCC,AGG,22,22.403526306152344
1,+,GCGTCAAGCCGGGGGGGCGC,TGG,CCCCCCCG,TCGCGCAATCAGCG,6,GTAGTAGTCGCAGAGTTGCC,AGG,22,22.310272216796875
4,+,GCGTCAAGCCGGGGGGGCGC,TGG,CCCCCCCG,GCCTCGCGCAATCAGCG,6,GTAGTAGTCGCAGAGTTGCC,AGG,22,22.2636661529541
0,+,GCGTCAAGCCGGGGGGGCGC,TGG,CCCCCCCG,CGCGCAATCAGCG,6,GTAGTAGTCGCAGAGTTGCC,AGG,22,22.164257049560547
17,+,GCGTCAAGCCGGGGGGGCGC,TGG,CCCCCCCGG,GGCCTCGCGCAATCAGCG,6,GTAGTAGTCGCAGAGTTGCC,AGG,22,21.747652053833008
13,+,GCGTCAAGCCGGGGGGGCGC,TGG,CCCCCCCGG,TCGCGCAATCAGCG,6,GTAGTAGTCGCAGAGTTGCC,AGG,22,21.68872833251953
16,+,GCGTCAAGCCGGGGGGGCGC,TGG,CCCCCCCGG,GCCTCGCGCAATCAGCG,6,GTAGTAGTCGCAGAGTTGCC,AGG,22,21.613393783569336
12,+,GCGTCAAGCCGGGGGGGCGC,TGG,CCCCCCCGG,CGCGCAATCAGCG,6,GTAGTAGTCGCAGAGTTGCC,AGG,22,21.565906524658203
2,+,GCGTCAAGCCGGGGGGGCGC,TGG,CCCCCCCG,CTCGCGCAATCAGCG,6,GTAGTAGTCGCAGAGTTGCC,AGG,22,20.951190948486328
14,+,GCGTCAAGCCGGGGGGGCGC,TGG,CCCCCCCGG,CTCGCGCAATCAGCG,6,GTAGTAGTCGCAGAGTTGCC,AGG,22,20.75212860107422
