,id,Target,PBS,RT,Efficiency,time,Target1,Target2,Target3,Target4
0,1222,TCAAGCCGGGGGGGCGCTGGCGCGAGGCCGCCTGGCAACTCTGCGAC,GCCAGCGCC,AGTTGCCAGGCGGCCACGC,17.30,20211215162804,TCAA,GCCGGGGGGGCGCTGGCGCG,AGG,CCGCCTGGCAACTCTGCGAC
1,1223,TCAAGCCGGGGGGGCGCTGGCGCGAGGCCGCCTGGCAACTCTGCGAC,GCCAGCGCC,GTTGCCAGGCGGCCACGC,17.27,20211215162804,TCAA,GCCGGGGGGGCGCTGGCGCG,AGG,CCGCCTGGCAACTCTGCGAC
2,1224,TCAAGCCGGGGGGGCGCTGGCGCGAGGCCGCCTGGCAACTCTGCGAC,GCCAGCGCC,GAGTTGCCAGGCGGCCACGC,16.77,20211215162804,TCAA,GCCGGGGGGGCGCTGGCGCG,AGG,CCGCCTGGCAACTCTGCGAC
3,1225,TCAAGCCGGGGGGGCGCTGGCGCGAGGCCGCCTGGCAACTCTGCGAC,GCCAGCGCCC,AGTTGCCAGGCGGCCACGC,16.70,20211215162804,TCAA,GCCGGGGGGGCGCTGGCGCG,AGG,CCGCCTGGCAACTCTGCGAC
4,1226,TCAAGCCGGGGGGGCGCTGGCGCGAGGCCGCCTGGCAACTCTGCGAC,GCCAGCGCCC,GTTGCCAGGCGGCCACGC,16.67,20211215162804,TCAA,GCCGGGGGGGCGCTGGCGCG,AGG,CCGCCTGGCAACTCTGCGAC
5,1227,TCAAGCCGGGGGGGCGCTGGCGCGAGGCCGCCTGGCAACTCTGCGAC,GCCAGCGC,GTTGCCAGGCGGCCACGC,16.65,20211215162804,TCAA,GCCGGGGGGGCGCTGGCGCG,AGG,CCGCCTGGCAACTCTGCGAC
6,1228,TCAAGCCGGGGGGGCGCTGGCGCGAGGCCGCCTGGCAACTCTGCGAC,GCCAGCGCC,AGAGTTGCCAGGCGGCCACGC,16.63,20211215162804,TCAA,GCCGGGGGGGCGCTGGCGCG,AGG,CCGCCTGGCAACTCTGCGAC
7,1229,TCAAGCCGGGGGGGCGCTGGCGCGAGGCCGCCTGGCAACTCTGCGAC,GCCAGCGC,AGTTGCCAGGCGGCCACGC,16.58,20211215162804,TCAA,GCCGGGGGGGCGCTGGCGCG,AGG,CCGCCTGGCAACTCTGCGAC
8,1230,TCAAGCCGGGGGGGCGCTGGCGCGAGGCCGCCTGGCAACTCTGCGAC,GCCAGCGCC,GCCAGGCGGCCACGC,16.17,20211215162804,TCAA,GCCGGGGGGGCGCTGGCGCG,AGG,CCGCCTGGCAACTCTGCGAC
9,1231,TCAAGCCGGGGGGGCGCTGGCGCGAGGCCGCCTGGCAACTCTGCGAC,GCCAGCGCC,TGCCAGGCGGCCACGC,16.16,20211215162804,TCAA,GCCGGGGGGGCGCTGGCGCG,AGG,CCGCCTGGCAACTCTGCGAC
