,Target,PBS,RT,score
26,TCAAGCCGGGGGGGCGCTGGCGCGAGGCCGCCTGGCAACTCTGCGAC,GCCAGCGCC,AGTTGCCAGGCGGCCACGC,17.303255081176758
25,TCAAGCCGGGGGGGCGCTGGCGCGAGGCCGCCTGGCAACTCTGCGAC,GCCAGCGCC,GTTGCCAGGCGGCCACGC,17.269790649414062
27,TCAAGCCGGGGGGGCGCTGGCGCGAGGCCGCCTGGCAACTCTGCGAC,GCCAGCGCC,GAGTTGCCAGGCGGCCACGC,16.77189826965332
42,TCAAGCCGGGGGGGCGCTGGCGCGAGGCCGCCTGGCAACTCTGCGAC,GCCAGCGCCC,AGTTGCCAGGCGGCCACGC,16.699365615844727
41,TCAAGCCGGGGGGGCGCTGGCGCGAGGCCGCCTGGCAACTCTGCGAC,GCCAGCGCCC,GTTGCCAGGCGGCCACGC,16.67082405090332
9,TCAAGCCGGGGGGGCGCTGGCGCGAGGCCGCCTGGCAACTCTGCGAC,GCCAGCGC,GTTGCCAGGCGGCCACGC,16.654516220092773
28,TCAAGCCGGGGGGGCGCTGGCGCGAGGCCGCCTGGCAACTCTGCGAC,GCCAGCGCC,AGAGTTGCCAGGCGGCCACGC,16.632936477661133
10,TCAAGCCGGGGGGGCGCTGGCGCGAGGCCGCCTGGCAACTCTGCGAC,GCCAGCGC,AGTTGCCAGGCGGCCACGC,16.584260940551758
22,TCAAGCCGGGGGGGCGCTGGCGCGAGGCCGCCTGGCAACTCTGCGAC,GCCAGCGCC,GCCAGGCGGCCACGC,16.1723690032959
23,TCAAGCCGGGGGGGCGCTGGCGCGAGGCCGCCTGGCAACTCTGCGAC,GCCAGCGCC,TGCCAGGCGGCCACGC,16.156230926513672
