,id,Strand,Spacer,PAM,PBS,RT,EditToNickDistance,sgRNASpacer,sgRNAPAM,NickToNickDistance,Efficiency,time
0,271,+,GCCACCAACCCTGCGGGCCC,CGG,CCCGCAGGGT,GTTCTCGCAGGGCTGGCTCCGGGG,10,CGG,CGG,8,8.189264297485352,20220513234444
1,272,+,GCCACCAACCCTGCGGGCCC,CGG,CCCGCAGGGT,TTCTCGCAGGGCTGGCTCCGGGG,10,CGG,CGG,8,8.105073928833008,20220513234444
2,273,+,GCCACCAACCCTGCGGGCCC,CGG,CCCGCAGGG,GTTCTCGCAGGGCTGGCTCCGGGG,10,CGG,CGG,8,8.050691604614258,20220513234444
3,274,+,GCCACCAACCCTGCGGGCCC,CGG,CCCGCAGGG,TTCTCGCAGGGCTGGCTCCGGGG,10,CGG,CGG,8,7.9145026206970215,20220513234444
4,275,+,GCCACCAACCCTGCGGGCCC,CGG,CCCGCAGG,GTTCTCGCAGGGCTGGCTCCGGGG,10,CGG,CGG,8,7.658827781677246,20220513234444
5,276,+,GCCACCAACCCTGCGGGCCC,CGG,CCCGCAGGGTT,GTTCTCGCAGGGCTGGCTCCGGGG,10,CGG,CGG,8,7.628157138824463,20220513234444
6,277,+,GCCACCAACCCTGCGGGCCC,CGG,CCCGCAGGGTTG,GTTCTCGCAGGGCTGGCTCCGGGG,10,CGG,CGG,8,7.594627857208252,20220513234444
7,278,+,GCCACCAACCCTGCGGGCCC,CGG,CCCGCAGGGTTG,TTCTCGCAGGGCTGGCTCCGGGG,10,CGG,CGG,8,7.580023288726807,20220513234444
8,279,+,GCCACCAACCCTGCGGGCCC,CGG,CCCGCAGGGTT,TTCTCGCAGGGCTGGCTCCGGGG,10,CGG,CGG,8,7.545464992523193,20220513234444
9,280,+,GCCACCAACCCTGCGGGCCC,CGG,CCCGCAGG,TTCTCGCAGGGCTGGCTCCGGGG,10,CGG,CGG,8,7.485757350921631,20220513234444
